{
  "m": {
    "fh": { "a":0,"b":0.5468,"c":0},
    "ft": { "a":0,"b":3.2808,"c":0},
    "nm": { "a":0,"b":0.0005399568,"c":0},
    "km": { "a":0,"b":0.001,"c":0}
  },
  "ft": {
    "fh": { "a":0,"b":0.166667,"c":0},
    "m": { "a":0,"b":0.3048,"c":0},
    "nm": { "a":0,"b":0.0001645788,"c":0},
    "km": { "a":0,"b":0.0003048,"c":0}
  },
  "fh": {
    "ft": { "a":0,"b":6,"c":0},
    "m": { "a":0,"b":1.8288,"c":0},
    "nm": { "a":0,"b":0.000987473,"c":0},
    "km": { "a":0,"b":0.0018288,"c":0}
  },
  "nm": {
    "fh": { "a":0,"b":1012.69,"c":0},
    "ft": { "a":0,"b":0.0000000033,"c":0},
    "m": { "a":0,"b":1852,"c":0},
    "km": { "a":0,"b":0.000000000001,"c":0}
  },
  "km": {
    "fh": { "a":0,"b":546.807,"c":0},
    "ft": { "a":0,"b":3280.8398950131,"c":0},
    "nm": { "a":0,"b":0.5399568035,"c":0},
    "m": { "a":0,"b":1000,"c":0}
  },
  "m/s": {
    "knot": { "a":0,"b":1.943845,"c":0},
    "mph": { "a":0,"b":2.236936,"c":0},
    "kmh": { "a":0,"b":3.6,"c":0}
  },
  "knot": {
    "m/s": { "a":0,"b":0.514444,"c":0},
    "mph": { "a":0,"b":1.150779,"c":0},
    "kmh": { "a":0,"b":1.852,"c":0}
  },
  "mph": {
    "m/s": { "a":0,"b":0.44704,"c":0},
    "knot": { "a":0,"b":0.868977,"c":0},
    "kmh": { "a":0,"b":1.609344,"c":0}
  },
  "kmh": {
    "m/s": { "a":0,"b":0.277778,"c":0},
    "mph": { "a":0,"b":0.621371,"c":0},
    "knot": { "a":0,"b":0.539957,"c":0}
  },
  "deg": {
    "rad": { "a":0,"b":0.0174533,"c":0}
  },
  "rad": {
    "deg": { "a":0,"b":57.2958,"c":0}
  },
  "F": {
    "C": { "a":-32,"b":0.555555,"c":0},
    "K": { "a":-32,"b":0.555555,"c":273.15}
  },
  "C": {
    "F": { "a":0,"b":1.8,"c":32},
    "K": { "a":273.15,"b":1,"c":0}
  },
  "K": {
    "F": { "a":-273.1,"b":1.8,"c":32},
    "C": { "a":-273.15,"b":1,"c":0}
  }
}